Best Thing I Never Had (Response) - Best Thing She Never Had,Ahmir,"Ahmir: Best Thing I Never Had (Response) - ""Best Thing She Never Had"" - Single"
Perfect,Ahmir,Perfect - Single
Yeah Yeah,Aidonia,Yeah Yeah - Single
Never Took the Time,Akon,Konvicted
Scars to Your Beautiful,Alessia Cara,Know-It-All (Deluxe)
No One,Alicia Keys,As I Am (Expanded Edition)
Lesson Learned (feat. John Mayer),Alicia Keys,As I Am (Expanded Edition)
Sure Looks Good to Me,Alicia Keys,As I Am (Expanded Edition)
Doesn't Mean Anything,Alicia Keys,The Element of Freedom
Try Sleeping With a Broken Heart,Alicia Keys,The Element of Freedom
Un-thinkable (I'm Ready),Alicia Keys,The Element of Freedom
Put It In a Love Song (feat. Beyoncé Knowles),Alicia Keys,The Element of Freedom
A Bagga Tings,Alkaline,A Bagga Tings - Single
Move Mountains,Alkaline,Move Mountains - Single
Weh We a Guh Do,Alkaline & Notnice,Raw and Remastered
I'm in Control (feat. Popcaan),AlunaGeorge,I Remember
Rise Up,Andra Day,Cheers to the Fall
Problem (feat. Iggy Azalea),Ariana Grande,My Everything (Deluxe)
no tears left to cry,Ariana Grande,Sweetener
ghostin,Ariana Grande,"thank u, next"
7 rings,Ariana Grande,"thank u, next"
"thank u, next",Ariana Grande,"thank u, next"
Love Me Harder,Ariana Grande & The Weeknd,My Everything (Deluxe)
We Are the World 25 for Haiti,Artists for Haiti,We Are the World 25 for Haiti - Single
No Love (feat. Nicki Minaj),August Alsina,No Love (Remix) [feat. Nicki Minaj] - Single
"Airplanes, Part II (feat Eminem & Hayley Williams of Paramore)",B.o.B,B.o.B Presents: The Adventures of Bobby Ray (Deluxe)
Lighters (feat. Bruno Mars),Bad Meets Evil,Hell: The Sequel (Deluxe Edition)
On Top of the World,Barbie,Princess Charm School (Original Motion Picture Soundtrack) - Single
Meant to Be,Bebe Rexha & Florida Georgia Line,"All Your Fault, Pt. 2 - EP"
Back It Up,Beenie Man,The Biggest Ragga Dancehall Anthems 2007
Eastside,"benny blanco, Halsey & Khalid",FRIENDS KEEP SECRETS
Raise a Hallelujah (Live),"Bethel Music, Jonathan David Helser & Melissa Helser",Victory (Live)
Ego (Remix) [feat. Kanye West],Beyoncé,Above and Beyoncé - Dance Mixes
Irreplaceable,Beyoncé,B'Day (Deluxe Edition)
Flaws and All,Beyoncé,B'Day (Deluxe Edition)
Resentment,Beyoncé,B'Day (Deluxe Edition)
Drunk in Love (feat. JAY Z),Beyoncé,BEYONCÉ
Jealous,Beyoncé,Beyoncé (Deluxe)
Flawless Remix (feat. Nicki Minaj),Beyoncé,BEYONCÉ (More Only) - EP
Drunk in Love Remix (feat. JAY Z & Kanye West),Beyoncé,BEYONCÉ (More Only) - EP
Grown Woman,Beyoncé,BEYONCÉ (Platinum Edition)
BLACK PARADE,Beyoncé,BLACK PARADE - Single
Baby Boy (feat. Sean Paul),Beyoncé,Dangerously in Love
Sweet Dreams,Beyoncé,Ego / Sweet Dreams (Singles & Dance Mixes)
Bow Down (Homecoming Live),Beyoncé,HOMECOMING: THE LIVE ALBUM
Countdown (Homecoming Live),Beyoncé,HOMECOMING: THE LIVE ALBUM
Why Don't You Love Me,Beyoncé,I Am . . . Sasha Fierce (The Bonus Tracks) - EP
Halo,Beyoncé,I Am... Sasha Fierce
Single Ladies (Put a Ring On It),Beyoncé,I Am... Sasha Fierce
If I Were a Boy / You Oughta Know (Live),Beyoncé,I Am... World Tour
Irreplaceable (Live),Beyoncé,I Am... World Tour
Hold Up,Beyoncé,Lemonade
Sorry,Beyoncé,Lemonade
6 Inch (feat. The Weeknd),Beyoncé,Lemonade
Freedom (feat. Kendrick Lamar),Beyoncé,Lemonade
All Night,Beyoncé,Lemonade
Formation,Beyoncé,Lemonade
"SPIRIT (From Disney's ""The Lion King"")",Beyoncé,The Lion King: The Gift
Schoolin' Life,Beyoncé,4
I Was Here,Beyoncé,4
Run the World (Girls),Beyoncé,4 (Expanded Edition)
Best Thing I Never Had,Beyoncé,4 (Expanded Edition)
Beautiful Liar,Beyoncé & Shakira,B'Day (Deluxe Edition)
Just Stand Up!,"Beyoncé, Mary J. Blige, Rihanna, Fergie, Sheryl Crow, Melissa Etheridge, Natasha Bedingfield, Miley Cyrus, Leona Lewis, Carrie Underwood, Keyshia Cole, LeAnn Rimes, Ashanti, Ciara & Mariah Carey",Just Stand Up! - Single
BROWN SKIN GIRL,"Beyoncé, SAINt JHN, Wizkid & Blue Ivy Carter",The Lion King: The Gift
Hold On,Bishop Briggs,Hold On - Single
Bow Down & Worship Him,Bishop Paul S. Morton & The Full Gospel Baptist Fellowship Mass Choir,A Praise And Worship Celebration
Bike Back,Black Ryno,"The Hit List, Vol. 2"
Shot a Buss,Black Ryno,Riddim Driven: Beauty and the Beast
When Mi Buss Mi Gun,Blak Ryno,Reggae Vibes
Harder Than the First Time,Blake McGrath,I Am Blake McGrath - EP
Hulk,Blaxx,Get Soca 2018
Three Little Birds,Bob Marley & The Wailers,Exodus: The Movement Continues
One Love / People Get Ready,Bob Marley & The Wailers,Legend (Remastered)
Is This Love,Bob Marley & The Wailers,Legend: The Best of Bob Marley and the Wailers
Redemption Song,Bob Marley & The Wailers,Legend: The Best of Bob Marley and the Wailers
Right Here (Departed),Brandy,Human (Deluxe Version)
Bratitude,Bratz,Bratz (Motion Picture Soundtrack)
So Good,Bratz,Rock Angelz
Grenade,Bruno Mars,Doo-Wops & Hooligans
Just the Way You Are,Bruno Mars,Doo-Wops & Hooligans (Deluxe Version)
Something,BryannaxDenise,Something - Single
Way Too Big,Burna Boy,Twice as Tall
Stay So,Busy Signal,Reggae Gold 2018: 25th Anniversary
Dreams of Brighter Days,Busy Signal & RC,Dreams of Brighter Days - Single
Havana (feat. Young Thug),Camila Cabello,Camila
WAP (feat. Megan Thee Stallion),Cardi B,WAP (feat. Megan Thee Stallion) - Single
WAP (feat. Megan Thee Stallion),Cardi B,WAP (feat. Megan Thee Stallion) - Single
APESHIT,THE CARTERS,EVERYTHING IS LOVE
F**k You,CeeLo Green,F**k You - Deluxe Single
Forget You,CeeLo Green,The Lady Killer
Closer (feat. Halsey),The Chainsmokers,Collage - EP
Ghetto Story Chapter 2 (Featuring Alicia Keys),Cham,Ghetto Story
Pyramid (feat. Iyaz),Charice,Charice (Deluxe Version)
Gyal You a Party Animal,Charly Black,Gyal You a Party Animal - Single
Dynamite,China Anne McClain,A.N.T. Farm
From Mawning (Never Change),Chino,From Mawning - EP
Next To You (feat. Justin Bieber),Chris Brown,F.A.M.E. (Expanded Edition)
Crawl,Chris Brown,Graffiti (Expanded Edition)
Brown Skin Girl (feat. Sean Paul),Chris Brown,Graffiti (Expanded Edition)
Loyal (West Coast Version) [feat. Lil Wayne & Too $hort],Chris Brown,Loyal (East & West Coast Versions) - Single
Indescribable,Chris Tomlin,How Great Is Our God: The Essential Collection
Woohoo (feat. Nicki Minaj),Christina Aguilera,Bionic (Deluxe Version)
Jar of Hearts,Christina Perri,Lovestrong. (Deluxe Version)
Level Up,Ciara,Level Up - Single
Never Ever (feat. Young Jeezy),Ciara,Never Ever (feat. Young Jeezy) - Single
Me and You,Coco Jones & Tyler James Williams,Let It Shine (Original Soundtrack)
Brighter Than the Sun,Colbie Caillat,All of You
Before I Let You Go,Colbie Caillat,All of You
Favorite Song (feat. Common),Colbie Caillat,All of You
You Got Me,Colbie Caillat,Breakthrough (Deluxe Version)
Fearless,Colbie Caillat,Breakthrough (Deluxe Version)
Bubbly,Colbie Caillat,Coco
Stand Up (from Harriet),Cynthia Erivo,Stand Up (from Harriet) - Single
Affairs of the Heart,"Damian ""Jr. Gong"" Marley",Affairs of the Heart - Single
Over You,Daughtry,Daughtry
Where Them Girls At (feat. Nicki Minaj & Flo Rida),David Guetta,Nothing But the Beat
Without You (feat. Usher),David Guetta,Nothing But the Beat
Titanium (feat. Sia),David Guetta,Nothing But the Beat
Where Them Girls At (feat. Nicki Minaj & Flo Rida),"David Guetta, Flo Rida & Nicki Minaj",Nothing But the Beat 2.0
Risky,Davido & Popcaan,Risky - Single
Love My Life,Demarco,"4 Aces of Dancehall, Vol. 1"
Fix a Heart,Demi Lovato,Unbroken
Mistake,Demi Lovato,Unbroken
Survivor,Destiny's Child,Survivor
Shabba Madda Pot,Dexta Daps,Shabba Madda Pot - Single
7 Eleven,Dexta Daps,The Ultimate 2016
Breaking News,Dexta Daps,Vent
Call Me If,Dexta Daps,Vent
7eleven (Radio Edit),Dexta Daps,7eleven - Single
Loving You No More (feat. Drake),Diddy - Dirty Money & Drake,Last Train to Paris (Deluxe Version)
Dweet (Genna Bounce) [feat. Bravo Ravers],Ding Dong,Genna Bounce Riddim
"Do You Want to Build a Snowman? (From ""Frozen"")",Disney's Circle of Stars,"Do You Want to Build a Snowman? (From ""Frozen"") - Single"
"All I Do Is Win (feat. T-Pain, Ludacris, Snoop Dogg & Rick Ross)",DJ Khaled,"All I Do Is Win (feat. T-Pain, Ludacris, Snoop Dogg & Rick Ross) - Single"
Shining (feat. Beyoncé & JAY Z),DJ Khaled,Grateful
Wild Thoughts (feat. Rihanna & Bryson Tiller),DJ Khaled,Grateful
Caribbean Medley (Live),Donnie McClurkin,Live In London and More...
Bawl Out,Dovey Magnum,Reggae Gold 2018: 25th Anniversary
Bawl Out,Dovey Magnum,Rum & Boom Riddim
Sex Slave (Love Theraphy Riddim),Dovey Magnum,Sex Slave (Love Theraphy Riddim) - Single
I Need a Doctor (feat. Eminem & Skylar Grey),Dr. Dre,I Need a Doctor (feat. Eminem & Skylar Grey) - Single
Blem,Drake,More Life
Headlines,Drake,Take Care (Deluxe Version)
Take Care (feat. Rihanna),Drake,Take Care (Deluxe Version)
Find Your Love,Drake,Thank Me Later
One Dance (feat. Wizkid & Kyla),Drake,Views
Forever,"Drake, Kanye West, Lil Wayne & Eminem",More Than a Game (Music Inspired By the Film)
We Pray (feat. Popcaan),Dre Island,We Pray (feat. Popcaan) - Single
Perfect Duet (with Beyoncé),Ed Sheeran,Perfect Duet (with Beyoncé) - Single
Thinking Out Loud,Ed Sheeran,x (Wembley Edition)
I Don't Care,Ed Sheeran & Justin Bieber,No.6 Collaborations Project
O Come to the Altar (Live),Elevation Worship,Here as in Heaven (Live)
Stand Up (feat. Audiomoe),Elijah Jamal,Stand Up (feat. Audiomoe) - Single
Hurts,Emeli Sandé,Long Live the Angels (Deluxe)
My Kind of Love,Emeli Sandé,Our Version of Events
Next to Me,Emeli Sandé,Our Version of Events
Daddy (feat. Naughty Boy),Emeli Sandé,Our Version of Events (Deluxe Edition)
"Read All About It, Pt. III",Emeli Sandé,Our Version of Events (Deluxe Edition)
Next To Me (Kendrick Lamar Remix),Emeli Sandé,Our Version of Events (Deluxe Edition)
Wonder,Emeli Sandé & Naughty Boy,Our Version of Events
The Monster (feat. Rihanna),Eminem,The Marshall Mathers LP2 (Deluxe)
Not Afraid,Eminem,Recovery (Deluxe Edition)
No Love (feat. Lil Wayne),Eminem,Recovery (Deluxe Edition)
We Made You (Single Version),Eminem,Relapse
Guts Over Fear (feat. Sia),Eminem,SHADYXV
You're So Beautiful (feat. Jussie Smollett & Yazz),Empire Cast,Empire (Original Soundtrack from Season 1) [Deluxe]
Conqueror (feat. Estelle & Jussie Smollett),Empire Cast,Empire (Original Soundtrack from Season 1) [Deluxe]
Overdue,Erphaan Alves,Overdue - Single
Ducking,Fadda Fox,Studio B Presents Crop Over Hits 2014 - EP
When I See U,Fantasia,Fantasia
Lose to Win,Fantasia,Side Effects of You
Give Your Best (Study Motivation),Fearless Motivation,Feed Your Mind With Success (Motivational Speeches)
Hard Work Beats Talent (Motivational Speech),Fearless Motivation,Hard Work Beats Talent (Motivational Speech) - Single
Glamorous (feat. Ludacris),Fergie,The Dutchess Deluxe
Trap Queen,Fetty Wap,Fetty Wap (Deluxe Edition)
679 (feat. Monty),Fetty Wap,Fetty Wap (Deluxe Edition)
My Way (feat. Monty),Fetty Wap,Fetty Wap (Deluxe Edition)
Don't Say You Love Me,Fifth Harmony,Fifth Harmony
That's My Girl,Fifth Harmony,7/27 (Deluxe)
Work from Home (feat. Ty Dolla $ign),Fifth Harmony,7/27 (Deluxe)
All In My Head (Flex) [feat. Fetty Wap],Fifth Harmony,7/27 (Deluxe)
Funky Business,Fimba,Funky Business - Single
Club Can't Handle Me (feat. David Guetta),Flo Rida,"Only One Flo, Pt. 1"
Wild Ones (feat. Sia),Flo Rida,Wild Ones
Unforgettable (feat. Swae Lee),French Montana,Jungle Rules
 Ah Ketch It Remix (feat. Shurwayne Winchester),Fya Empress,
Bill,Gaza Slim & Lisa Hype,"Street Shots, Vol. 10 (Throwback Edition)"
I Will Survive (Single Version),Gloria Gaynor,Hits of the 70's
Meh Rum,Gorg,Meh Rum
"Meh Rum Remix (feat. Denise ""Saucy Wow"" Belfon)",Gorg,Meh Rum
Meh Rum,Gorg,Superlynks Presents 'from Then Till Now ' sampler 1
Somebody That I Used to Know (feat. Kimbra),Gotye,Making Mirrors (Deluxe Version)
Diamonds,Hawk Nelson,Diamonds
Every Praise,Hezekiah Walker,Azusa the Next Generation
Walking Trophy,HoodCelebrityy,Walking Trophy - Single
Fancy (feat. Charli XCX),Iggy Azalea,The New Classic (Deluxe Version)
Bubble,Iwer George,Soca Gold 2013
Replay,Iyaz,Replay - Single
No Reason to Fear,J.J. Hairston & Youthful Praise,You Deserve It (Deluxe Edition)
I Want You Back,Jackson 5,NOW That's What I Call Motown
Risk It All (feat. Phyllisia Ross),Jah Cure,Reggae Gold 2018: 25th Anniversary
Unconditional Love,Jah Cure,Unconditional Love (feat. Phyllisia) - Single
Nookie Tonight,Jamesy P,D'Soca Zone - 5th Spin
Want to Want Me,Jason Derulo,Everything Is 4
Whatcha Say,Jason Derulo,Jason Derulo
Ridin' Solo,Jason Derulo,Jason Derulo
Goodbye (feat. Nicki Minaj & Willy William),Jason Derulo & David Guetta,Goodbye (feat. Nicki Minaj & Willy William) - Single
Lucky (feat. Colbie Caillat),Jason Mraz & Colbie Caillat,We Sing. We Dance. We Steal Things
Love Natural,Jasper Sawyer,Undiscovered Music of Jasper Sawyer
Running in the Rain,Jasper Sawyer,Undiscovered Music of Jasper Sawyer
From That Place,Jasper Sawyer,Undiscovered Music of Jasper Sawyer
"Ayo, I'm Working Hard",Jasper Sawyer,Undiscovered Music of Jasper Sawyer
Somebody to Love,Jasper Sawyer,Undiscovered Music of Jasper Sawyer
"Pretty, Pretty",Jasper Sawyer,Undiscovered Music of Jasper Sawyer
Have a Little Fun,Jasper Sawyer,Undiscovered Music of Jasper Sawyer (Mixtape)
Young Forever (feat. Mr Hudson),JAY-Z,The Blueprint 3
Holy Grail (feat. Justin Timberlake),JAY-Z,Magna Carta... Holy Grail
Empire State of Mind (feat. Alicia Keys),JAY-Z & Alicia Keys,"The Hits Collection, Vol. One (Deluxe Edition)"
Ni**as in Paris,JAY-Z & Kanye West,Watch the Throne
Spotlight,Jennifer Hudson,Spotlight - Single
Think Like a Man (feat. Rick Ross),Jennifer Hudson & Ne-Yo,Think Like a Man (Music from & Inspired By the Film)
On the Floor (feat. Pitbull) [Radio Edit],Jennifer Lopez,LOVE? (Bonus Version)
I'm Into You (feat. Lil Wayne),Jennifer Lopez,LOVE? (Deluxe Edition)
Body Language (feat. T-Pain),Jesse McCartney,Body Language (feat. T-Pain) - Single
Leavin',Jesse McCartney,Departure: Recharged (Bonus Track Version)
Body Language,Jesse McCartney,Departure: Recharged (Bonus Track Version)
Better,Jessica Reedy,Better - Single
Who You Are,Jessie J,Who You Are (Platinum Edition)
Save the Night,John Legend,Love in the Future (Expanded Edition)
Tonight (Best You Ever Had) [feat. Ludacris],John Legend,Think Like a Man (Music from & Inspired By the Film)
A Good Night,John Legend & BloodPop®,A Good Night - Single
Too Little Too Late (2018),JoJo,The High Road (2018)
Anything (2018),JoJo,The High Road (2018)
I Believe (Island Medley) [So Long Bye Bye],Jonathan Nelson,Fearless (Deluxe Edition)
No Air,Jordin Sparks & Chris Brown,Jordin Sparks (Deluxe Version)
U Can Have It All,JRDN,U Can Have It All - Single
Touch the Sky,Julie Fowlis,Brave (Original Score)
Intentions (feat. Quavo),Justin Bieber,Changes
Holy (feat. Chance the Rapper),Justin Bieber,Holy (feat. Chance the Rapper) - Single
One Time,Justin Bieber,My World
Never Say Never (feat. Jaden Smith),Justin Bieber,Never Say Never (The Remixes) - EP
Sorry,Justin Bieber,Purpose
What Do You Mean?,Justin Bieber,Purpose (Deluxe)
Love Yourself,Justin Bieber,Purpose (Deluxe)
Say Something (feat. Chris Stapleton),Justin Timberlake,Man of the Woods
Until the End of Time (Duet with Beyonce),Justin Timberlake & Beyoncé,FutureSex / LoveSounds (Deluxe Version)
My Love (feat. T.I.),Justin Timberlake & T.I.,FutureSex / LoveSounds (Deluxe Version)
Champion,Kanye West,Graduation
All of the Lights,Kanye West,My Beautiful Dark Twisted Fantasy
Whine Up (feat. Elephant Man),Kat Deluna,Whine Up (feat. Elephant Man) - Single
Run the Show (feat. Busta Rhymes),Kat Deluna,9 Lives
Over It,Katharine McPhee,Katharine McPhee
Roar,Katy Perry,PRISM (Deluxe Version)
Teenage Dream,Katy Perry,Teenage Dream
Because of You,Kelly Clarkson,Breakaway
Since U Been Gone,Kelly Clarkson,The Collection
Stronger (What Doesn't Kill You),Kelly Clarkson,Stronger (Deluxe Version)
A Moment Like This,Kelly Clarkson,Thankful
Knock You Down (feat. Kanye West & Ne-Yo),Keri Hilson,In a Perfect World... (Bonus Track Version)
Pretty Girl Rock,Keri Hilson,No Boys Allowed (Deluxe)
Too Real,Kerwin Du Bois,Too Real - Single
Monster Winer,Kerwin Du Bois & Lil Rick,Lil Rick Hd & Friends
Hello,Kes,Folklore Riddim - EP
TiK ToK,Kesha,Animal (Expanded Edition)
Blah Blah Blah (feat. 3OH!3),Kesha,Animal (Expanded Edition)
We R Who We R,Kesha,Cannibal (Expanded Edition)
I Ain't Thru (feat. Nicki Minaj),Keyshia Cole,Calling All Hearts (Deluxe Version)
Young Dumb & Broke,Khalid,American Teen
Another Sad Love Song,Khalid,American Teen
Coaster,Khalid,American Teen
8TEEN,Khalid,American Teen
Therapy,Khalid,American Teen
Right Back,Khalid,Free Spirit
Know Your Worth,Khalid & Disclosure,Know Your Worth - Single
Lockdown,Koffee,Lockdown - Single
Rapture,Koffee,Rapture EP
Toast,Koffee,Rapture EP
Throne,Koffee,Rapture EP
Gal a Bubble,Konshens,Gal a Bubble - Single
No Hesitation (I'm Coming),Konshens,"Phantom, Vol. 3"
Walk and Wine (Gal a Bubble 3),Konshens,Walk and Wine (Gal a Bubble 3) - Single
Walk and Wine (Gal a Bubble 3),Konshens,Walk and Wine (Gal a Bubble 3) - Single
Do D Ting,Konshens & Dario,Go-Go Club Riddim
Nobody Has to Know (feat. Ty Dolla $ign),Kranium,Nobody Has to Know (feat. Ty Dolla $ign) - Single
Goodbye,Kristinia DeBarge,Exposed
This Girl (Kungs vs. Cookin' on 3 Burners),Kungs & Cookin' On 3 Burners,
Get High,Ky-Mani Marley,Maestro
Beneath Your Beautiful (feat. Emeli Sandé),Labrinth,Beneath Your Beautiful - EP
Born This Way,Lady Gaga,Born This Way
Paparazzi,Lady Gaga,The Fame
Poker Face,Lady Gaga,The Fame
Money Honey,Lady Gaga,The Fame
Paper Gangsta,Lady Gaga,The Fame
Alejandro,Lady Gaga,The Fame Monster (Deluxe Edition)
Monster,Lady Gaga,The Fame Monster (Deluxe Edition)
Man Is the Least,Lady Saw,Extra Raw - The Best of Lady Saw
Friend of God (Live),Lakewood Church,Cover the Earth
I Like Me Better,Lauv,I Like Me Better - Single
One By One (feat. Mavado),Laza Morgan,"Strictly the Best, Vol. 45"
Better In Time (Single Mix),Leona Lewis,Spirit (The Deluxe Edition)
Pure Cocaine,Lil Baby,Street Gossip
Drip Too Hard,Lil Baby & Gunna,Drip Harder
Smile (Living My Best Life) [feat. Snoop Dogg & Ball Greezy],Lil Duval,Smile (Living My Best Life) [feat. Snoop Dogg & Ball Greezy] - Single
Drop the World,Lil Wayne,Rebirth (Deluxe Version)
Knockout,Lil Wayne,Rebirth (Deluxe Version)
How to Love,Lil Wayne,Tha Carter IV (Deluxe Edition)
F**k You,Lily Allen,"It's Not Me, It's You (Deluxe Version)"
Good as Hell,Lizzo,Coconut Oil - EP
Juice,Lizzo,Cuz I Love You
Truth Hurts,Lizzo,Cuz I Love You (Super Deluxe)
Good as Hell (feat. Ariana Grande) [Remix],Lizzo,Good as Hell (Remix) [feat. Ariana Grande] - Single
Despacito (feat. Justin Bieber) [Remix],Luis Fonsi & Daddy Yankee,VIDA
7 Years,Lukas Graham,Lukas Graham
Fast Wine,Machel Montano,Fast Wine - Single
Happiest Man Alive,Machel Montano,Happiest Man Alive
Dye Dye (Raw),Macka Diamond,Dye Dye - Single
Dye Dye (Radio),Macka Diamond,Dye Dye - Single
Rude,MAGIC!,Don't Kill the Magic
Angels Cry Remix (feat. Ne-Yo),Mariah Carey,Angels Cry Remix (feat. Ne-Yo) - Single
Always Be My Baby,Mariah Carey,Daydream
Obsessed,Mariah Carey,Memoirs of an Imperfect Angel
Oh Santa!,Mariah Carey,Merry Christmas II You
Uptown Funk (feat. Bruno Mars),Mark Ronson,Uptown Special
Girls Like You (feat. Cardi B),Maroon 5,Girls Like You (feat. Cardi B) - Single
If I Never See Your Face Again (feat. Rihanna),Maroon 5,Good Girl Gone Bad: Reloaded
Moves Like Jagger (feat. Christina Aguilera),Maroon 5,Hands All Over (Deluxe Edition)
One More Night,Maroon 5,Overexposed
Payphone (feat. Wiz Khalifa),Maroon 5,Overexposed (Deluxe Version)
What Lovers Do (feat. SZA),Maroon 5,Red Pill Blues (Deluxe)
Sugar,Maroon 5,V (Deluxe)
Sugar,Maroon 5,V (Deluxe)
Know the Face,Marvay,Know the Face - Single
Jerusalema (feat. Burna Boy & Nomcebo Zikode) [Remix],Master KG,Jerusalema (feat. Burna Boy & Nomcebo Zikode) [Remix] - Single
"10,000 Reasons (Bless the Lord) [Radio Version] [Live]",Matt Redman,Sing Like Never Before: The Essential Collection
Grace Wins,Matthew West,Live Forever (Deluxe Edition)
Goodbe to My Haters,Mavado,Goodbye to My Haters - Single
High Life,Mavado,High Life Riddim
Fresh Cash,Mavado,Money Mix Riddim
Refiner (feat. Chandler Moore & Steffany Gretzinger),Maverick City Music,"Maverick City, Vol. 2"
Savage Remix (feat. Beyoncé),Megan Thee Stallion,Savage Remix (feat. Beyoncé) - Single
GOOD MORNIN' (feat. GARY TRAINOR),MEGHAN TRAINOR,THE LOVE TRAIN
Woman Up,Meghan Trainor,Thank You (Deluxe Version)
Dear Future Husband,Meghan Trainor,Title (Deluxe Edition)
My Money Ha Ha,Merital Family,"The Hit List, Vol. 2"
When We Party,Merital Family,Street Vybz Riddim - EP
You Rock My World,Michael Jackson,Invincible
Speechless,Michael Jackson,Invincible
They Don't Care About Us,Michael Jackson,Michael Jackson's This Is It (The Music That Inspired the Movie)
The Greatest,Michelle Williams,Unexpected
When I Look At You,Miley Cyrus,The Last Song (Original Soundtrack)
Pocketful of Sunshine,Natasha Bedingfield,Pocketful Of Sunshine
Love Like This (feat. Sean Kingston),Natasha Bedingfield,Pocketful Of Sunshine
Single,Natasha Bedingfield,Unwritten
Unwritten,Natasha Bedingfield,Unwritten
La La La (feat. Sam Smith),Naughty Boy,Hotel Cabana (Deluxe Version)
Should've Been Me (feat. Kyla & Popcaan),Naughty Boy,Should've Been Me (feat. Kyla & Popcaan) - Single
Do You,Ne-Yo,Because of You
Go On Girl,Ne-Yo,Because of You (Deluxe Edition)
So Sick,Ne-Yo,In My Own Words
Never Knew I Needed,Ne-Yo,"Never Knew I Needed (From ""The Princess and the Frog"") - Single"
Let Me Love You (Until You Learn to Love Yourself),Ne-Yo,R.E.D. (Deluxe Edition)
Stop This World,Ne-Yo,Year of the Gentleman (Bonus Track Edition)
Mad,Ne-Yo,Year of the Gentleman (Bonus Track Version)
Miss Independent,Ne-Yo,Year of the Gentleman (Bonus Track Version)
Stop This World,Ne-Yo,Year of the Gentleman (Bonus Track Version)
She Got Her Own (feat. Jamie Foxx & Fabolous) [Bonus Track],Ne-Yo,Year of the Gentleman (Deluxe Edition)
Just a Dream,Nelly,Just a Dream - Single
My Dream,Nesbeth,My Dream - Single
I'm the Best,Nicki Minaj,Pink Friday
Roman Holiday,Nicki Minaj,Pink Friday ... Roman Reloaded (Deluxe Edition)
Sex In the Lounge (feat. Lil Wayne & Bobby V.),Nicki Minaj,Pink Friday ... Roman Reloaded (Deluxe Edition)
Starships,Nicki Minaj,Pink Friday ... Roman Reloaded (Deluxe Edition)
Pound the Alarm,Nicki Minaj,Pink Friday ... Roman Reloaded (Deluxe Edition)
Young Forever,Nicki Minaj,Pink Friday ... Roman Reloaded (Deluxe Edition)
Gun Shot (feat. Beenie Man),Nicki Minaj,Pink Friday ... Roman Reloaded (Deluxe Edition)
Right Thru Me,Nicki Minaj,Pink Friday (Complete Edition)
Moment 4 Life (feat. Drake),Nicki Minaj,Pink Friday (Complete Edition)
Blazin (feat. Kanye West),Nicki Minaj,Pink Friday (Complete Edition)
Dear Old Nicki,Nicki Minaj,Pink Friday (Complete Edition)
Your Love,Nicki Minaj,Pink Friday (Complete Edition)
Last Chance (feat. Natasha Bedingfield),Nicki Minaj,Pink Friday (Complete Edition)
Super Bass,Nicki Minaj,Pink Friday (Deluxe Edition)
Feeling Myself (feat. Beyoncé),Nicki Minaj,The Pinkprint (Bonus Tracks)
The Night Is Still Young,Nicki Minaj,The Pinkprint (Bonus Tracks)
Pills N Potions,Nicki Minaj,The Pinkprint (Bonus Tracks)
Bed of Lies (feat. Skylar Grey),Nicki Minaj,The Pinkprint (Bonus Tracks)
Grand Piano,Nicki Minaj,The Pinkprint (Bonus Tracks)
Last Chance (feat. Natasha Bedingfield),Nicki Minaj & Natasha Bedingfield,Pink Friday
Am I Wrong,Nico & Vinz,Black Star Elephant
In Your Arms,Nico & Vinz,Black Star Elephant
When the Day Comes,Nico & Vinz,Black Star Elephant
Praying to a God,Nico & Vinz,Cornerstone - EP
Find a Way (feat. Emmanuel Jal),Nico & Vinz,The Good Lie (Music From the Motion Picture)
That's How You Know (feat. Kid Ink & Bebe Rexha),Nico & Vinz,That's How You Know (feat. Kid Ink & Bebe Rexha) - Single
urs,NIKI,wanna take this downtown? - EP
Cheerleader,Omi,Verano 2016
What Makes You Beautiful,One Direction,Up All Night (Deluxe Version)
One Thing,One Direction,Up All Night (Deluxe Version)
F**kin' Perfect,P!nk,F**kin' Perfect (Perfect) - Single
So What,P!nk,Funhouse (Deluxe Version)
Raise Your Glass,P!nk,Raise Your Glass - Single
Blow Me (One Last Kiss),P!nk,The Truth About Love
Just Give Me a Reason (feat. Nate Ruess),P!nk,The Truth About Love
New Perspective,Panic! At the Disco,Jennifer's Body (Music from the Motion Picture) [Deluxe Version]
High Hopes,Panic! At the Disco,Pray For the Wicked
Brick By Boring Brick,Paramore,Brand New Eyes
Waiting Game,Parson James,The Temple EP
Build My Life,Pat Barrett,Pat Barrett
Good Morning,Peter Ram,Get Soca 2017
Brand New Second Hand,Peter Tosh,Legalize It (Legacy Edition)
Options (feat. Stephen Marley),Pitbull,Climate Change
Time of Our Lives,Pitbull & Ne-Yo,Globalization
Bullet Proof,Popcaan,Bullet Proof - Single
Family,Popcaan,Family - Single
CHILL,Popcaan,FIXTAPE
Silence,Popcaan,Forever
Wine for Me,Popcaan,Forever
Superstar,Popcaan,Forever
High Drive (Louis out),Popcaan,Forever
Foreign Love,Popcaan,Forever
Body So Good,Popcaan,Forever
Firm and Strong,Popcaan,Forever
Unruly Bad,Popcaan,Henging Tree Riddim
Inviolable,Popcaan,Inviolable - Single
Junction,Popcaan,Junction - Single
My God,Popcaan,My God - Single
My Type,Popcaan,My Type - Single
My Type,Popcaan,My Type - Single
Naughty Girl,Popcaan,Only Man She Want - EP
Coolie Gal,Popcaan,Only Man She Want - EP
Ova Dweet,Popcaan,Ova Dweet - Single
Ravin,Popcaan,Ravin - Single
Rup Rup (Bad Inna Real Life),Popcaan,Rup Rup (Bad Inna Real Life) - Single
Way Up,Popcaan,"Strictly the Best, Vols. 52 & 53 - Special Edition"
When Mi Party (Remastered),Popcaan,Summer Wave Riddim Remastered (Remastered)
When Mi Party (Remastered),Popcaan,Summer Wave Riddim Remastered (Remastered)
When Mi Party (Remastered),Popcaan,Summer Wave Riddim Remastered (Remastered)
Weed Is My Best Friend,Popcaan,Weed Is My Best Friend - Single
When You Wine Like That,Popcaan,When You Wine Like That - Single
Everything Nice,Popcaan,Where We Come From
Love Yuh Bad,Popcaan,Where We Come From
The System,Popcaan,Where We Come From
Cool It,Popcaan,Where We Come From
Where We Come From,Popcaan,Where We Come From
Fall In Love,Popcaan,Work Permit Riddim
Feel Good,Popcaan & Notnice,Feel Good - Single
Only Jah Know,Popcaan & Notnice,Only Jah Know - Single
World Cup,Popcaan & Notnice,World Cup - Single
BenUp,Porgie & Porgie & Murda,Get Soca 2015
Splinters (Precision Road Mix),Precision Productions & Shal Marshall,"We Muzik (Soca 2018 Trinidad and Tobago Carnival), Vol. 9"
Gangnam Style,PSY,Gangnam Style - Single
I Hate This Part,The Pussycat Dolls,Doll Domination
When I Grow Up,The Pussycat Dolls,Doll Domination (Deluxe)
One Drop,Qq & Venomus,One Drop - Single
Somebody to Love,Queen,"The Platinum Collection (Greatest Hits I, II & III)"
When a Woman's Fed Up,R. Kelly,R.
The World's Greatest (Radio Edit),R. Kelly,"The R. in R&B Collection, Vol. 1"
Fight Song,Rachel Platten,Wildfire
Kotch,RDX,RDX Kotch - EP
The Bruk Out Song,RDX,RDX Kotch - EP
Drop,RDX,RDX Kotch - EP
Ride It,RDX,Ride It - Single
Island Girl,RDX,
Lifestyle (feat. Young Thug & Rich Homie Quan),Rich Gang,Lifestyle (feat. Young Thug & Rich Homie Quan) - Single
Freaky Girls (feat. Eempey Slicker),Ricky T,Freaky Girls (feat. Eempey Slicker) - Single
Work (feat. Drake),Rihanna,ANTI (Deluxe)
Diamonds,Rihanna,Diamonds - Single
Hate That I Love You (feat. Ne-Yo),Rihanna,Good Girl Gone Bad: Reloaded
Good Girl Gone Bad,Rihanna,Good Girl Gone Bad: Reloaded
What's My Name? (feat. Drake),Rihanna,Loud (Deluxe)
Man Down,Rihanna,Loud (Deluxe)
Raining Men (feat. Nicki Minaj),Rihanna,Loud (Deluxe)
Complicated,Rihanna,Loud (Deluxe)
"Love the Way You Lie, Pt. 2 (feat. Eminem)",Rihanna,Loud (Deluxe)
Hard (feat. Jeezy),Rihanna,Rated R
Te Amo,Rihanna,Rated R
Farewell,Rihanna,Talk That Talk (Deluxe Edition)
You Da One,Rihanna,Talk That Talk (Deluxe)
Talk That Talk (feat. JAY Z),Rihanna,Talk That Talk (Deluxe)
Diamonds,Rihanna,Unapologetic
Loveeeeeee Song (feat. Future),Rihanna,Unapologetic (Deluxe Version)
What Now,Rihanna,Unapologetic (Deluxe Version)
Nobody's Business (feat. Chris Brown),Rihanna,Unapologetic (Deluxe Version)
No Love Allowed,Rihanna,Unapologetic (Deluxe Version)
Half of Me,Rihanna,Unapologetic (Deluxe Version)
FourFiveSeconds,Rihanna and Kanye West and Paul McCartney,FourFiveSeconds - Single
Blurred Lines (feat. T.I. & Pharrell),Robin Thicke,Blurred Lines (Deluxe Version)
The Box,Roddy Ricch,Please Excuse Me For Being Antisocial
High Fashion (feat. Mustard),Roddy Ricch,Please Excuse Me For Being Antisocial
A Drop In the Ocean,Ron Pope,Daylight
"Take on the World (Summer Remix) [Music from ""Girl Meets World""]",Rowan Blanchard & Sabrina Carpenter,"Take on the World (Summer Remix) [Music from ""Girl Meets World""] - Single"
Baaaly Keter,Saeed Fares,Ranit Ghalat
Trap (feat. Lil Baby),SAINt JHN,
Stay With Me,Sam Smith,In the Lonely Hour
I'm Not the Only One,Sam Smith,In the Lonely Hour
Nirvana,Sam Smith,Nirvana - EP
Too Good at Goodbyes,Sam Smith,The Thrill of It All (Special Edition)
Say It First,Sam Smith,The Thrill of It All (Special Edition)
One Last Song,Sam Smith,The Thrill of It All (Special Edition)
Burning,Sam Smith,The Thrill of It All (Special Edition)
HIM,Sam Smith,The Thrill of It All (Special Edition)
Pray,Sam Smith,The Thrill of It All (Special Edition)
Nothing Left for You,Sam Smith,The Thrill of It All (Special Edition)
Dancing with a Stranger,Sam Smith & Normani,Dancing with a Stranger - Single
On My Knees,Sanchez,"Caribbean Gospel, Book 3"
Brave,Sara Bareilles,The Blessed Unrest
Culu Culu,Savage,The Ultimate 2017 (Uncut)
My Type,Saweetie,ICY
Boys Ain't Shit,SAYGRACE,Boys Ain't Shit - Single
Hall of Fame (feat. will.i.am),The Script,#3 (Deluxe Version)
Hall of Fame,The Script,#3 (Deluxe Version)
Fire Burning,Sean Kingston,Fire Burning - Single
Letting Go (Dutty Love) [feat. Nicki Minaj],Sean Kingston,Letting Go (Dutty Love) [feat. Nicki Minaj] - Single
Me Love,Sean Kingston,Sean Kingston
Face Drop,Sean Kingston,Tomorrow
Island Queen,Sean Kingston,Tomorrow
O the Deep Deep Love of Jesus,Selah,Hiding Place
I Don't Miss You At All,Selena Gomez & The Scene,Kiss & Tell
Who Says,Selena Gomez & The Scene,When the Sun Goes Down
Love You Like a Love Song,Selena Gomez & The Scene,When the Sun Goes Down (Deluxe Edition)
Sick of You,Selena Gomez & The Scene,A Year Without Rain
"Whenever, Wherever",Shakira,Laundry Service
Splinters,Shal Marshall,The 2:00AM Project - Single
One Night Only (Disco Version),"Sharon Leal, Anika Noni Rose & Beyoncé",Dreamgirls (Music from the Motion Picture)
Lost in Japan,Shawn Mendes,Shawn Mendes
My Life,Shawn Storm,
Impossible (Main),Shontelle,No Gravity
Don't Stop,Shurwayne Winchester,Da Mastamind Project
Unstoppable,Sia,This Is Acting
The Greatest (feat. Kendrick Lamar),Sia,This Is Acting (Deluxe Version)
The Greatest,Sia,This Is Acting (Deluxe Version)
Chandelier,Sia,1000 Forms of Fear
Big Girls Cry,Sia,1000 Forms of Fear (Deluxe Version)
The General (Lick Ah Shot),Skinny Fabulous,Oil Stain Riddim
Rave Out (feat. Busy Signal),Skinny Fabulous,Soca Gold 2012
BTW (Behaving the Worst),Skinny Fabulous,Soca Gold 2014
This Island (Is Mine),Skinny Fabulous,This Island (Is Mine) - Single
Watch Thing,Skinny Fabulous,Watch Thing - Single
Famalay,"Skinny Fabulous, Machel Montano & Bunji Garlin",Famalay - Single
"Young, Wild & Free (feat. Bruno Mars)",Snoop Dogg & Wiz Khalifa,Mac and Devin Go to High School (Music from and Inspired By the Movie) [Deluxe Version]
Turn My Swag On,Soulja Boy Tell 'Em,iSouljaBoyTellem (Deluxe Version)
Kiss Me Thru the Phone (feat. Sammie),Soulja Boy Tell 'Em,iSouljaBoyTellem (Deluxe Version)
Jim Screechie,Spice,Ragga Ragga Ragga! 2011
So Mi Like It,Spice,So Mi Like It - EP
Romping Shop (Clean),Spice & Vybz Kartel,Kartel & Spice - Romping Shop - Single
Drink My Pain Away,Stacy Barthe,
Summer Love,Stevie Hoang,Stevie Hoang: The Collection
Dumpling (feat. Sean Paul & Spice) [Remix],Stylo G,Dumpling (feat. Sean Paul & Spice) [Remix] - Single
Drew Barrymore,SZA,Drew Barrymore - Single
Live Your Life (feat. Rihanna),T.I.,Paper Trail
About the Money (feat. Young Thug),T.I.,Paperwork (Deluxe Version)
She's Like a Star,Taio Cruz,Departure
Good Girl Gone Bad (feat. Konshens),Tarrus Riley,Contagious
Stay With You,Tarrus Riley,Parables
She's Royal,Tarrus Riley,Parables
Gimmie Likkle One Drop,Tarrus Riley,Reggae Gold 2013
You're Not Sorry,Taylor Swift,Fearless
We Are Never Ever Getting Back Together,Taylor Swift,Red
I Knew You Were Trouble,Taylor Swift,Red (Deluxe Edition)
Red (Original Demo Recording),Taylor Swift,Red (Deluxe Edition)
Look What You Made Me Do,Taylor Swift,reputation
Better Than Revenge,Taylor Swift,Speak Now
Blank Space,Taylor Swift,1989
Bad Blood,Taylor Swift,1989
Wildest Dreams,Taylor Swift,1989
You Need To Calm Down,Taylor Swift,
Mood,Teejay & Ishawna,Mood - Single
Goodbye Song,Terence Blanchard & Cynthia Erivo,Harriet (Original Motion Picture Soundtrack)
Hideaway,Tessanne Chin,In Between Words
Nara (feat. Travis Greene),Tim Godfrey,Nara
Nara (feat. Travis Greene) [Live],Tim Godfrey,Nara (Live) [feat. Travis Greene] - Single
Give It to Me (feat. Justin Timberlake & Nelly Furtado),Timbaland,Shock Value
The Way I Are (feat. Keri Hilson & D.O.E.),Timbaland,Shock Value
Apologize (feat. OneRepublic),Timbaland,Shock Value
If We Ever Meet Again (feat. Katy Perry),Timbaland,Shock Value II (Deluxe Edition)
Written In the Stars (feat. Eric Turner),Tinie Tempah,Disc-Overy
I just need U.,TobyMac,I just need U. - Single
Pussy Mechanic,Tommy Lee,Pussy Mechanic - Single
Fi Get A 4ward,Tommy Lee,
Holding Out the Pressure,Tommy Lee,
Yesterday (feat. Trey Songz) [Bonus Track],Toni Braxton,Pulse (Deluxe)
Dutty Wine,Tony Matterhorn,Reggae Gold 2006
"Hey, Soul Sister",Train,"Save Me, San Francisco (Bonus Track Version)"
"Hey, Soul Sister",Train,"Save Me, San Francisco (Golden Gate Edition)"
"Goin' Up Yonder (Music from the Original TV Series: Greenleaf, Season 5)",Tramaine Hawkins,"Goin' Up Yonder (Music from the Original TV Series: Greenleaf, Season 5) - Single"
Billionaire (feat. Bruno Mars),Travie McCoy,Lazarus (Deluxe Version)
In Christ Alone/The Solid Rock (Live),Travis Cottrell,In Christ Alone/The Solid Rock (Deluxe Single) - Single
Good & Loved (feat. Steffany Gretzinger),Travis Greene,Broken Record
Without Your Love (Live),Travis Greene,Crossover: Live from Music City
You Waited (Extended Version) [Live],Travis Greene,Crossover: Live from Music City
I Invented Sex (feat. Drake),Trey Songz,Ready (Deluxe Version)
Say Aah (feat. Fabolous),Trey Songz,Ready (Deluxe Version)
LOL :-) (feat. Gucci Mane & Soulja Boy Tell 'Em),Trey Songz,Ready (Deluxe Version)
Yeah! (feat. Lil Jon & Ludacris),Usher,Confessions (Expanded Edition)
What's a Man to Do,Usher,Here I Stand
My Boo,Usher & Alicia Keys,Confessions (Expanded Edition)
Shark In the Water,V V Brown,Travelling Like the Light
You Got It,VEDO,For You
Mercy a God,Vershon,Dancehall Kick Out Clean
A-Bay,Vybz Kartel,A - Bay - Single
Bicycle Ride,Vybz Kartel,Bicycle Ride - Single
Credit Alone Done,Vybz Kartel,Credit Alone Done - Single
Cya Test We,Vybz Kartel,Cya Test We - Single
Do Di Maths (Wah Do You),Vybz Kartel,Do Di Maths (Wah Do You) - Single
Ever Blessed (Raw),Vybz Kartel,Ever Blessed - Single
How,Vybz Kartel,How - Single
How,Vybz Kartel,How - Single
Me a Pree,Vybz Kartel,Kartel Forever: Trilogy (Edited)
Like a Movie,Vybz Kartel,Pon Di Gaza 2.0
Go Go Club,Vybz Kartel,Pon Di Gaza 2.0
Go Go Club,Vybz Kartel,Pon Di Gaza 2.0
Tell You Say,Vybz Kartel,"Reggae Greats, Vol. 2"
Ever Blessed,Vybz Kartel,Rvssian Presents Free Worl Boss
Summertime,Vybz Kartel,"Strictly the Best, Vol. 45"
Happy Pum Pum,Vybz Kartel,Trend Setterz Vol. 3
Mi Nuh Trust People,Vybz Kartel,The Ultimate 2016
X (All Your Exes),Vybz Kartel,World Vibes Riddim
Wine to the Top,Vybz Kartel & Wizkid,World Fete Riddim
Glad You Came,The Wanted,The Wanted
Can't Feel My Face,The Weeknd,Beauty Behind the Madness
Blinding Lights,The Weeknd,Blinding Lights - Single
I Feel It Coming (feat. Daft Punk),The Weeknd,Starboy
Check It Out,will.i.am & Nicki Minaj,Check It Out - Single
Comfort You (feat. Tory Lanez & Popcaan),Willie X.O,Comfort You (feat. Tory Lanez & Popcaan) - Single
Whip My Hair,WILLOW,Whip My Hair - Single
Hold On,Wyclef Jean,Hold On (feat. Mavado) - Single
Testify To Love,Wynonna,"Love Can Build a Bridge: Songs of Faith, Hope & Love"
FDT (feat. Nipsey Hussle),YG,Still Brazy
Wavin' Flag,Young Artists for Haiti,Wavin' Flag - Single
BedRock (feat. Lloyd),Young Money,BedRock (feat. Lloyd) - Single
Don't Rush (feat. Headie One),Young T & Bugsey,Don't Rush (feat. Headie One) - Single
Now (feat. 21 Savage),Young Thug,Hear No Evil - Single
"Guwop (feat. Quavo, Offset & Young Scooter)",Young Thug,JEFFERY
High (feat. Elton John),Young Thug,On the Rvn - EP
Hot (feat. Gunna),Young Thug,So Much Fun
PILLOWTALK,ZAYN,Mind of Mine (Deluxe Edition)
PILLOWTALK,ZAYN,PILLOWTALK - Single
I Don’t Wanna Live Forever (Fifty Shades Darker),ZAYN & Taylor Swift,Fifty Shades Darker (Original Motion Picture Soundtrack)
My First Kiss (feat. Ke$ha),3OH!3,Streets of Gold (Deluxe Version)
Don't Trust Me,3OH!3,Want
Youngblood,5 Seconds of Summer,Youngblood (Deluxe)
Bruno Mars - Today My Life Begins,,Bruno Mars - Today My Life Begins